id,text,anger,disgust,fear,joy,sadness,surprise
ptbr_train_track_a_217736,adélia cobra!,0,1,0,0,0,0
ptbr_train_track_a_74915,Uma mulher atraente caindo e expondo sua bunda. É estranho que ele fosse tão 0 a 60 em uma coisa dessas.,0,1,0,0,0,0
ptbr_train_track_a_217958,a pessoa fica pagando de coitada e feia pra conseguir elogio.... kakakakakaka ai ai apenas,0,1,0,0,0,0
ptbr_train_track_a_214006,o famoso teste do sofá...,0,1,0,0,0,0
ptbr_train_track_a_12585,"Isso parece absolutamente horrível. No lado bom, quem fez isso, só pode melhorar.",0,1,0,1,0,0
ptbr_train_track_a_218267,quem quer ver a nudez desse embuste?,0,1,0,0,0,0
ptbr_train_track_a_217702,quero distância desse tipo de macho e tipo de fêmea,0,1,0,0,0,0
ptbr_train_track_a_217767,se eu tivesse a oportunidade de um pedido; so pediria pra acabar com todas as drogas maltidas dessas favelas .. pprt .,0,1,0,0,0,0
ptbr_train_track_a_16712,"Uau, estou corrigido, é *ainda pior* do que eu pensava!",0,1,0,0,0,0
ptbr_train_track_a_78249,Não pode ser pior do que na semana passada,0,1,0,0,0,0
ptbr_train_track_a_58456,Eu assisto as coisas dele no YouTube. É nojento!,0,1,0,0,0,0
ptbr_train_track_a_218137,se eu fosse a adélia partia pra cima na porrada dessa ana paula lixo,0,1,0,0,0,0
ptbr_train_track_a_213868,! de que adiantou levantar a causa do mexeu com um mexeu com todas a porra da semana toda?,0,1,0,0,0,0
ptbr_train_track_a_217864,que bom q por aqui hj foi só amor. mais lá no ig a nojeira tá grande. me bateu a indignação. mais uma pag denunciada.,0,1,0,0,0,0
ptbr_train_track_a_76587,As pessoas mais cruéis na sala são um bando de idiotas sem graça. É a banalidade do mal para o século 21.,0,1,0,0,0,0
ptbr_train_track_a_30430,"Talvez tenha algo a ver com dificuldade? Estou jogando duro. Acabei de fazer outra quest nessa linha, também me deu 407. Estranho.",0,1,0,0,0,0
ptbr_train_track_a_125502,"Sim, as vespas de pedreiro são as nojentas do Tucker.",0,1,0,0,0,0
ptbr_train_track_a_08758,"Esse cara foi além de se encolher, foi assustador",0,1,1,0,0,0
ptbr_train_track_a_217877,nunca mais vejo ontem 90% foi a falar do slb e ainda interrompem nos outros para falar do slb...,0,1,0,0,0,0
ptbr_train_track_a_213836,ouvir a voz do dep aecio neves me faz sentir ainda mais com cara ainda  se fazendo de vítima...,0,1,0,0,0,0
ptbr_train_track_a_217694,gente mentirosa é o pior tipo!!!,0,1,0,0,0,0
ptbr_train_track_a_54519,"Sim, foi, foi horrível, todo mundo ficou doente, eu fiquei doente por uma semana depois daquele evento.",1,1,0,0,0,0
ptbr_train_track_a_218254,olha isso; como são sujos esse partido! em guaxupé; minas gerais; brazil,0,1,0,0,0,0
ptbr_train_track_a_218048,os abutres em volta do kaysar! gente pequena;rasteiros;invejosos.,0,1,0,0,0,0
ptbr_train_track_a_217747,essa gente falsa que vem pagar de amiga para pegar informações sobre nossa vida.....,0,1,0,0,0,0
ptbr_train_track_a_24749,Literalmente qualquer coisa sobre [NAME] e seus fãs estranhos pertence aqui,0,1,0,0,0,0
ptbr_train_track_a_81759,"À primeira vista, pensei que fosse uma caneca de cerveja vista de cima, mas imediatamente vi que é uma panqueca e agora estou me sentindo uma merda.",0,1,0,0,0,1
ptbr_train_track_a_06438,Somos atrozes na defesa.. odeio essa tática de zagueiros jogando bola por aí.. diminui muito a criatividade,1,1,0,0,0,0
ptbr_train_track_a_19878,Calça cheia de bosta.,0,1,0,0,1,0
ptbr_train_track_a_213969,o grupo closer,0,1,0,0,0,0
ptbr_train_track_a_217658,estão duas pessoas a comer a cara uma da outra no meio da rua!,0,1,0,0,0,0
ptbr_train_track_a_218245,os comentários do dupla de cartilheiros da são tão facciosos que ainda vão arranjar emprego na btv.,0,1,0,0,0,0
ptbr_train_track_a_48881,Eu gostava mais quando [NAME] estava seminu,0,1,0,0,0,0
ptbr_train_track_a_58340,Ele é ruim,1,1,0,0,0,0
ptbr_train_track_a_83041,"Rejeito que [NOME] não possa defender. Agora suas pernas se foram, isso pode ""ter pernas""",1,1,0,0,0,0
ptbr_train_track_a_24458,Deus [NAME] é horrível,0,1,0,0,0,0
ptbr_train_track_a_16809,"Se ser bissexual significa que estou em um culto, estou meio chateado porque ainda não recebi minhas vestes de culto.",1,1,0,0,0,0
ptbr_train_track_a_85522,Estranho sou baixinha e tenho ansiedade e depressão e de alguma forma não sou um incel.,0,1,1,0,0,1
ptbr_train_track_a_30375,Como eles se atrevem a não ter a visão de perceber que ele se tornará um presidente que não gostamos décadas depois.,1,1,0,0,0,0
ptbr_train_track_a_213935,pq caralha exite mosca ?  ninguém se importa com elas,0,1,0,0,0,0
ptbr_train_track_a_74633,E eu pensei que Glory Kills fosse horrível,0,1,0,0,0,0
ptbr_train_track_a_217891,n pego bem com vinho e nem catuaba,0,1,0,0,0,0
ptbr_train_track_a_214014,professor que diz não guardar rancor mas só pelo olhar já nos mata,0,1,0,0,0,0
ptbr_train_track_a_45862,Isso é tão cruel. Eu literalmente me sinto fisicamente doente.,1,1,0,0,0,0
ptbr_train_track_a_217890,lixos humanos; se aproveitando de uma comoção nacional na calada da noite!,0,1,0,0,0,0
ptbr_train_track_a_217817,o q falar d um ser humano desse...lamentável;pois não tem nem comparação; esse sr;acha q ese timinhooo d merda é maior do q 71 vidas...,0,1,0,0,0,0
ptbr_train_track_a_62052,Tão estranho quanto notar as unhas dos jogadores de hóquei na TV,0,1,0,0,0,0
ptbr_train_track_a_41270,"Não estou surpreso, caramba, isso é uma merda. As concussões são horríveis.",0,1,0,0,0,0
ptbr_train_track_a_213968,mulher deu casa de r$ 800 mil por vaga em concurso de delegado e enem para filha; diz polícia,0,1,0,0,0,0
ptbr_train_track_a_18052,Isso é abuso infantil. Nenhum pai decente forçaria seu filho a passar fome só porque não entende de ciência e nutrição,0,1,0,0,0,0
ptbr_train_track_a_25653,"Sim, já bloqueou o número dele, ele nunca apoiou",0,1,0,0,0,0
ptbr_train_track_a_02797,"Meus mamilos estão duros como pedra agora, apenas arruinaram minha camisa.",1,1,0,0,0,0
ptbr_train_track_a_217769,sobre gleise só tenho uma palavar para definir meu sentimento por ela,0,1,0,0,0,0
ptbr_train_track_a_213922,medley de anita; valesca; e tudo o mais que não presta... começou bem a temporada do superstar...,0,1,0,0,0,0
ptbr_train_track_a_214027,a polícia se assustou porque eles eram de cor,0,1,0,0,0,0
ptbr_train_track_a_217753,alguns homens são bem repugnantes.,0,1,0,0,0,0
ptbr_train_track_a_79822,Tem um gosto melhor? Ou talvez totalmente pior eu não tenho experiência,0,1,0,0,0,1
ptbr_train_track_a_139885,Ahhhhh você deveria começar a gritar e se debater. Que pobre argumento. Agora eu acredito em dragões invisíveis.,1,1,0,0,0,0
ptbr_train_track_a_15126,"Nem se incomode com ele lol. Ele é um machista estúpido, não acredita em fatos lmao",0,1,1,1,1,0
ptbr_train_track_a_213931,muito me admira ver quem tanto os marginaliza; cometer o mesmo ato. no fundo vocês são idênticos...,0,1,0,0,0,0
ptbr_train_track_a_83288,Essa piada é nojenta e ofensiva. Dicionários não contêm nomes próprios!,0,1,0,0,0,0
ptbr_train_track_a_136762,"caramba, tudo que você faz é avaliar os envios de outras pessoas? pior usuário do reddit de todos os tempos, e estou aqui há quase 11 anos, deveria saber",0,1,0,0,0,1
ptbr_train_track_a_217712,é um jogo de muita sujeira visando o poder.,0,1,0,0,0,0
ptbr_train_track_a_213844,alguém poderia falar p trump que cor de pele; religião; e escolha sexual não muda o caráter de ninguém! por favor?,0,1,0,0,0,0
ptbr_train_track_a_124947,Isso não é impopular. Tipo 1 em cada 15 pessoas realmente pensa isso... vai dizer essa merda em outro sub,1,1,0,0,0,0
ptbr_train_track_a_130693,"Isso é muito perturbador para ser honesto, admitir casualmente que você se voltaria para o canibalismo...? Ehhh",0,1,0,0,0,0
ptbr_train_track_a_44363,"Eu acho que é a 9ª maior cidade do país, mas é estranho agrupá-los",0,1,0,1,0,0
ptbr_train_track_a_05124,Deixe de ser racista. Estão apenas sendo racistas.,0,1,0,0,0,0
ptbr_train_track_a_74547,"As jaquetas que tantas pessoas usaram, então estão mofadas como o inferno",0,1,0,0,0,0
ptbr_train_track_a_27802,"Eu tirei meu adesivo, notas desagradáveis ​​​​de desespero deixadas no pára-brisa, porta do motorista.",0,1,0,0,0,0
ptbr_train_track_a_67137,Ele gosta de uma música antiga e é jovem NOJENTO,0,1,0,1,0,0
ptbr_train_track_a_217945,quem é que prega o ódio mesmo???querem respeito? respeitem também!,0,1,0,0,0,0
ptbr_train_track_a_31600,"Isso é horrível, bom saber que ela está com um cara incrível.",0,1,0,1,0,0
ptbr_train_track_a_08170,"Pergunta um tanto válida, se ele tinha 11 anos quando o jogo saiu, então ele pode calar a boca sim.",0,1,0,0,0,0
ptbr_train_track_a_39919,"Não acredito que esse jogo realmente lançado no estado é uma piada completa, deveria ser criminoso",1,1,0,0,0,0
ptbr_train_track_a_42684,Voltei ao trabalho e encontrei a lousa assim. Não faço ideia de como ficou assim. Esquisito.,0,1,0,0,0,0
ptbr_train_track_a_213915,espero que alguém desmacare logo o fiel de taubaté,0,1,0,0,0,0
ptbr_train_track_a_127500,"Lifesite ""News"" o doxou. Esse site é puro ódio destilado, é nojento.",1,1,0,0,0,0
ptbr_train_track_a_217762,meu princípio para o lf é a vomitada que vou dar na cara dele,0,1,0,0,0,0
ptbr_train_track_a_213921,indiganada não posso deixar de compartilhar!,0,1,0,0,0,0
ptbr_train_track_a_66214,"Eu realmente não tenho muito o que dizer. Há uma má ideia, e é nojento.",1,1,0,0,0,0
ptbr_train_track_a_217841,aquela amostra de perfume que lembra o cheiro do ex crush,0,1,0,0,0,0
ptbr_train_track_a_21378,Para babar.,0,1,0,0,0,0
ptbr_train_track_a_04480,É um pouco estranho da parte deles recomendar uma música do The Strokes depois que eles lhe contaram a oferta,0,1,0,0,0,0
ptbr_train_track_a_12168,"Ele deu a sua ex-herpies de 20 anos, largou-a e ela se suicidou. Ele é uma pessoa horrível",0,1,0,0,0,0
ptbr_train_track_a_217599,são moleques em tudo que fazem; e o cinismo deles dão,0,1,0,0,0,0
ptbr_train_track_a_80761,"Odeio ser esse cara, mas isso não é DDR, é Pump It Up, a cópia coreana do DDR.",0,1,0,0,0,0
ptbr_train_track_a_20613,"Tive uma paciente jovem que foi repetidamente encontrada no chão, nua e se masturbando.",0,1,1,0,1,0
ptbr_train_track_a_94834,ser uma dama com um pênis é um fetiche (bizarro) para alguns homens. não é nada para ter ciúmes.,0,1,0,0,0,0
ptbr_train_track_a_19725,"Sim, eu também notei. Ou a foto do item não carrega. Essa empresa é muito vergonhosa",1,1,0,0,0,0
ptbr_train_track_a_214004,exército formado pelo demônio brasil ganha em 1° lugar .,0,1,0,0,0,0
ptbr_train_track_a_77310,Ninguém quer lutar com o cara pelado.,1,1,0,0,0,0
ptbr_train_track_a_60275,Mesmo. Pêlos no corpo (no meu próprio corpo... eu não me importo com o que os outros fazem com o cabelo deles) me dá nojo pra caralho.,0,1,0,0,0,0
ptbr_train_track_a_43993,"ummmm Wulp Eu, pessoalmente, amo um homem feminino. Eu prefiro, 'homens viris' são nojentos e estúpidos",0,1,0,1,0,0
ptbr_train_track_a_213833,neoespecialistas jurídicos transformando depoimento em julgamento e; curiosamente; sentenciando o juiz...,0,1,0,0,0,0
ptbr_train_track_a_56234,"Com alguma edição e photoshop, esta poderia ser uma capa de álbum foda",0,1,0,1,1,0
ptbr_train_track_a_11811,"Sim, mas eu odeio existir, não é nada além de tristeza",0,1,0,0,1,0
ptbr_train_track_a_15587,Bocejar. Eles são tóxicos juntos e sua única característica parecia estar ficando nus juntos.,0,1,1,0,0,0
ptbr_train_track_a_218230,as agressões sofridas constantemente pelas mulheres; por homens do seu tipo; devem ser culpa delas tb né?!,0,1,0,0,0,0
ptbr_train_track_a_218088,rage mando o snap mais bixa possível,0,1,0,0,0,0
ptbr_train_track_a_214013,desculpa  mas que,0,1,0,0,0,0
ptbr_train_track_a_37081,Mordendo a mão que os alimenta,1,1,0,0,0,0
ptbr_train_track_a_218250,a mina acha q eu tô preocupada; com a vida dela! garota escrota!,0,1,0,0,0,0
ptbr_train_track_a_217748,aff' tenho nojo de zé tretinha. -_-,0,1,0,0,0,0
ptbr_train_track_a_217585,romero jucá responde as perguntas com educação;conhecimento e bom humor. jornalistas de dar de tão petralhas.,0,1,0,0,0,0
ptbr_train_track_a_77785,"Não discuta é provavelmente o pior conselho que se pode dar. É como dizer: ""obedeça cegamente. Não nos questione"".",0,1,0,0,0,0
ptbr_train_track_a_38521,Eu me sinto mal por esses caras. Eu gostaria de poder ajudar ex-mos em apuros.,0,1,0,0,0,0
ptbr_train_track_a_12728,Desempenho nojento. [NAME] parece sem noção.,0,1,0,0,0,1
ptbr_train_track_a_218072,lado bom: ver o lado ruim: ver a peppa grudada nele!,0,1,0,0,0,0
ptbr_train_track_a_79056,Os pinos são distribuídos? Minha loja enche essa merda como se houvesse um apocalipse vindouro e os alfinetes são a única coisa que vai salvá-los.,0,1,0,0,0,0
ptbr_train_track_a_25743,Todo mundo sabe que um Sith se chamaria [NOME]. Que fã terrível da franquia esse poser é.,1,1,0,1,0,0
ptbr_train_track_a_44655,Fumar é desagradável.,0,1,0,0,0,0
ptbr_train_track_a_147630,"Ah, eles inovaram em algo que eu reconheceria com seus investimentos financeiros obscenamente grandes? :):):):))",1,1,0,0,1,0
ptbr_train_track_a_23090,Glitter é horrível para tudo,0,1,0,0,0,0
ptbr_train_track_a_217953,faustão fazendo propaganda do livro q tem a foto do sérgio mora kkkkk,0,1,0,0,0,0
ptbr_train_track_a_217695,serião; toda vez que os amigos do meu irmão tão aqui eu tenho vontade de botar fogo neles... típicos heteros babacas,0,1,0,0,0,0
ptbr_train_track_a_217592,pqp; vc não tem q agradecer sua mãe; esposa; babá; papagaio; periquito... é pelo brasil! — viajando para outra galáxia,0,1,0,0,0,0
ptbr_train_track_a_73240,Eles não conseguem nem articular o que tem sido tão ruim desde que [NOME] assumiu o cargo.,0,1,1,0,1,1
ptbr_train_track_a_213825,que higiênico escovar o dentes na pia da cozinha.,0,1,0,0,0,0
ptbr_train_track_a_151820,"Isso foi pior do que um susto de filme. Não sei por que, mas a lula gigante é mais assustadora do que os tubarões.",0,1,1,0,0,0
ptbr_train_track_a_213883,programa da  é tão bom que dá 3 de audiencia kkkkk da até vontade de vomitar.,0,1,0,0,0,0
ptbr_train_track_a_11390,Ah... eca,0,1,0,0,0,0
ptbr_train_track_a_69856,"Quer dizer, eu mesmo sou um monarquista ocasional. Isso não significa que eu esteja sob a ilusão de que é uma correção de tudo.",0,1,0,0,0,0
ptbr_train_track_a_06078,> Ela fodeu meu pára-choque e eu vou odiá-la para sempre E o seguro dela não consertou porque???,0,1,0,0,0,0
ptbr_train_track_a_92327,Isso é foda lol falar sobre barato.,0,1,0,0,1,0
ptbr_train_track_a_49373,Uau isso é realmente assustador,0,1,0,0,0,0
ptbr_train_track_a_18653,Seu rosto parece um maldito sapo para mim - e do jeito que ela tem um olho fechado; um sapo de um olho malvado!,1,1,0,0,0,0
ptbr_train_track_a_13727,Eu tive que colocar Bird Box porque é o único filme direto para streaming que eu vi. Eu me sinto sujo.,0,1,0,0,0,0
ptbr_train_track_a_153810,Aqui também. Eu só encontro coisas coloridas estranhas e espero que não se choquem muito.,0,1,0,1,0,0
ptbr_train_track_a_22030,"O triste é que eu queria, mas sou estupidamente desajeitado...",0,1,0,0,1,0
ptbr_train_track_a_218133,esta notícia do sousa cintra é para meter nojo apenas; não é?,0,1,0,0,0,0
ptbr_train_track_a_149451,Que porra achei normal fazer xixi antes de tomar banho e gostar de não fazer xixi no chuveiro Principalmente se for um chuveiro compartilhado ew,1,1,0,0,0,0
ptbr_train_track_a_53405,"As prostitutas do crack estão fisgando em plena luz do dia agora, hein?",0,1,0,0,1,1
ptbr_train_track_a_157778,O quadrado. O privilégio grosseiro e pretensioso deste filme me deu vontade de vomitar.,0,1,0,0,0,0
ptbr_train_track_a_04497,"Aí está o link que eu uso seu idiota, foda-se, saia do meu post, seu merda",1,1,0,0,1,0
ptbr_train_track_a_218221,sinto uma vergonha alheia em ver essas pessoas com essa tocha olímpica; muito tosca essa parada de tocha olímpica!,0,1,0,0,0,0
ptbr_train_track_a_88003,Caramba. Ela parece estar a uma nota ruim de atirar em uma sinagoga.,0,1,0,0,0,0
ptbr_train_track_a_217759,mau-caráter mauricinho caique,0,1,0,0,0,0
ptbr_train_track_a_11021,"Ele quer arranjar desculpas para seu caso e duvido que você se sinta melhor depois de ouvi-lo. Na verdade, você pode realmente se sentir pior.",1,1,0,0,0,0
ptbr_train_track_a_90091,Oh ainda há bugs? Esquisito,0,1,1,0,0,1
ptbr_train_track_a_91056,"Sim, é um pouco assustador",1,1,0,0,0,0
ptbr_train_track_a_218167,aih tu ta trabalhando e um cliente velho babão; e pastor; te entrega isso,0,1,0,0,0,0
ptbr_train_track_a_141178,Ser um [NAME] não é diferente de ser um [NAME]. Ambos causaram genocídios. Eu odeio como nossa sociedade se concentra apenas em um!,0,1,0,0,1,0
ptbr_train_track_a_83699,>+. Estou no meu início de 3 Exatamente isso. É o pior.,0,1,0,0,0,0
ptbr_train_track_a_37190,O comunismo defende uma sociedade sem Estado. Eles acabaram de ser chutados na cabeça por acreditarem que a Propriedade Privada é ruim.,0,1,0,0,0,0
ptbr_train_track_a_50234,"Odeio dizer isso, mas ter um veterano como ele e [NAME] em jogos como esse pode fazer a diferença",0,1,0,0,0,0
ptbr_train_track_a_103489,"Não ter redes sociais é uma benção para mim, é estranho que ele tenha mandado uma mensagem para sua mãe! Aposto que ela adorava ouvir dele!",0,1,0,1,0,0
ptbr_train_track_a_04458,"Não por que? Pergunta estranha. Infelizmente, o PCC estaria me reprimindo se eu estivesse. Melhor do que acabar em um campo de concentração de Xinjiang.",0,1,0,0,1,1
ptbr_train_track_a_217873,essas pessoas sinicas,0,1,0,0,0,0
ptbr_train_track_a_218055,cada tt q mel dels,0,1,0,0,0,0
ptbr_train_track_a_18142,Eu sabia que isso era estúpido quando a música de merda começou.,0,1,0,0,1,0
ptbr_train_track_a_125252,"Bruto. Eu odeio usar aqueles de pano reutilizáveis ​​porque eles retêm cheiros. Você tem gatos? Eu sei, eu posso sentir o cheiro deles.",0,1,0,0,0,0
ptbr_train_track_a_14376,Achei que todo mundo odiava [NOME].,0,1,0,0,0,0
ptbr_train_track_a_213941,você que arrota baixinho e sopra na direção de outro ser humano...você não vai pro céu!,0,1,0,0,0,0
ptbr_train_track_a_39897,"Quero dizer, sim, [NOME] e pedófilos são dois tipos diferentes de imensamente horríveis, um é apenas um pouco mais viscoso, na minha opinião razoável.",0,1,0,0,0,0
ptbr_train_track_a_213908,pessoas q não suporto: adélia do  e geisy arruda,0,1,0,0,0,0
ptbr_train_track_a_217612,essas mulheres não têm um pingo de vergonha na cara; queria ver elas passando pela mesma situação de eliss samudio,0,1,0,0,0,0
ptbr_train_track_a_217722,tenho nojo de pessoas que falam mal de alguém pra mim; e no outro dia trata a pessoa como melhor amiga.,0,1,0,0,0,0
ptbr_train_track_a_14219,Mas realmente Vanilla Ice é escória RIP [NAME] e [NAME],0,1,0,0,0,0
ptbr_train_track_a_218108,eles não vão parar e a gente vai continuar quietos.,0,1,0,0,0,0
ptbr_train_track_a_30748,Estou completamente enojado com tudo isso,0,1,0,0,0,0
ptbr_train_track_a_05730,"Na verdade, tive que rebobinar algumas vezes porque me encontrei me distraindo porque estava meio entediado.",0,1,0,0,0,1
ptbr_train_track_a_125600,Que merda de vadia,1,1,0,0,0,0
ptbr_train_track_a_217884,que cobrinha o marcos gente,0,1,0,0,0,0
ptbr_train_track_a_217826,um dia ainda olho bem dentro da cara; falo tudo q está engasgado e mando tomar dentro do olho do cu.,0,1,0,0,0,0
ptbr_train_track_a_46528,"O que quero dizer é que vou continuar dirigindo do jeito que você estava pensando, esquisito.",0,1,0,0,0,0
ptbr_train_track_a_218206,carregar o suplicy assim; um sr de 75 anos; foi uma das maiores vergonhas do de,0,1,0,0,0,0
ptbr_train_track_a_42111,"Eu era Isla Vista, lugar lindo e terrível",0,1,0,1,0,0
ptbr_train_track_a_100276,"Aqui vamos nós de novo eu odeio [NAME] *se torna um Dodger* Quero dizer, eu amo [NAME]",0,1,0,1,0,0
ptbr_train_track_a_35414,"desculpe amigo. Na verdade, eu costumava ser muito bom com isso, mas estou constantemente piorando.",0,1,0,0,1,1
ptbr_train_track_a_218163,mas é um pau no cu mesmo esse .,0,1,0,0,0,0
ptbr_train_track_a_21236,Isso foi repostado tantas vezes que a foto é degradante.,1,1,0,0,0,0
ptbr_train_track_a_06543,Deus me livre /s,0,1,0,0,0,0
ptbr_train_track_a_73935,Espero que os pelicanos troquem ele e [NOME] se eles trocarem [NOME]. Odeio vê-los desperdiçar em NÃO,0,1,0,1,0,0
ptbr_train_track_a_218311,como as pessoas conseguem ser tão falsas e mesquinhas ? como um ser humano não consegue ter um mínimo de consideração pelo outro ?,0,1,0,0,0,0
ptbr_train_track_a_218044,gleisi hoffmannxstf = blindada.brasil; um país de tolos!,0,1,0,0,0,0
ptbr_train_track_a_217668,esse é ridículo e a decepcionou acobertando ele.,0,1,0,0,0,0
ptbr_train_track_a_218042,entendedores entenderão: pouquíssimos jogadores combinaram tanto com esse clube quanto ele.,0,1,0,0,0,0
ptbr_train_track_a_102306,este é o exemplo perfeito de algo que é uma combinação terrível sem ser totalmente nojento.,0,1,1,0,0,0
ptbr_train_track_a_46452,Algumas pessoas não têm vergonha ou senso de valor próprio. É triste.,0,1,0,0,0,0
ptbr_train_track_a_217731,pena que o golpista;traidor fos trabalhadores e do povo brasileiro. só voto contra o povo desse sem voto!,0,1,0,0,0,0
ptbr_train_track_a_213914,deus inventou o alface. o diabo; com inveja; foi lá e jogou uns pepinos no meio.,0,1,0,0,0,0
ptbr_train_track_a_59111,"> sentença mais severa. Discutível, eu preferiria estar morto do que todos pensarem que eu molestei implacavelmente crianças.",0,1,0,0,0,0
ptbr_train_track_a_12622,"Simplesmente usar o chapéu MAGA é a prova de que ele é um merdinha racista e ""seu lado da história"" foi claramente escrito por uma empresa de relações públicas.",1,1,0,0,0,0
ptbr_train_track_a_217663,amigo; vc é jovem e vai amadurecer. e um dia se envergonhar deste comentário.,0,1,0,0,0,0
ptbr_train_track_a_36591,"Sim, até que o último se casou assustadoramente e se reproduziu.",0,1,1,0,0,0
ptbr_train_track_a_218165,o cara defendendo a 'greve' de juízes não diz coisa com coisa. essas pessoas ainda não caíram na real q o povo não é mais idiota; na realidade é nojento tamanha cara de pau... arggggggg,0,1,0,0,0,0
ptbr_train_track_a_33013,"Bem, ela ainda é meio horrível, mas ela é hilária. Definitivamente uma grande melhoria. Eu mal podia vê-la!!",1,1,0,0,0,0
ptbr_train_track_a_15976,Este será um clássico ou um show de merda completo,1,1,0,0,0,0
ptbr_train_track_a_217887,da nojo essas propagandas da reforma da previdência no sbt. sílvio queimando seu filme após ser citado na operação conclave.,0,1,0,0,0,0
ptbr_train_track_a_19774,"""[NOME] contraiu uma doença terrível que o levou a desativar sua conta no twitter"" Nossa, as doenças hoje em dia estão cada vez piores.",1,1,0,1,0,0
ptbr_train_track_a_23214,O sul do México tende a sempre ser fodido na bunda também,0,1,0,0,0,1
ptbr_train_track_a_167508,"Quero dizer, ele ainda não está errado. Um traidor trouxe o pior dele então.",0,1,0,1,0,0
ptbr_train_track_a_218000,uma das coisas que mais me irrita; é quando alguém arrota do meu lado!,0,1,0,0,0,0
ptbr_train_track_a_24991,ai caralho não. Esse maldito anúncio,0,1,0,0,0,0
ptbr_train_track_a_45621,"Gato liga para garotas na rua, mas fica chateado quando isso é feito com sua irmã.",1,1,0,0,1,0
ptbr_train_track_a_217745,matheus é mto falso! nem dá papo pra cacau e agora q ela é tá em cima!,0,1,0,0,0,0
ptbr_train_track_a_218258,o cenário político do brasil ta mais embolado do que pisca pisca natalino. pqp!,0,1,0,0,0,0
ptbr_train_track_a_18442,Originalmente apenas um assassino de crianças.,0,1,0,0,0,0
ptbr_train_track_a_03476,"Primeiro gostei de [NAME], mas não gostei dela depois de [NAME].",0,1,0,1,0,0
ptbr_train_track_a_30672,Aquele momento estranho quando pessoas que odeiam apaixonadamente [NOME] inadvertidamente o retratam como um herói.,0,1,0,0,0,0
ptbr_train_track_a_17100,"Nossas escolhas de draft são horríveis de qualquer maneira, não importa onde escolhemos.",0,1,0,0,0,0
ptbr_train_track_a_213955,como chega da rua e dorme sem banho; com pe preto; acorda não toma banho so toma banho se for sair; sai fora sujeira,0,1,0,0,0,0
ptbr_train_track_a_15935,Seu rosto estranhamente parece muito mais estreito nesta foto.,0,1,1,1,1,0
ptbr_train_track_a_96717,shucci a lil CADELA,0,1,0,0,0,0
ptbr_train_track_a_213998,vergonha desses políticos comprados!,0,1,0,0,0,0
ptbr_train_track_a_217815,via estadão: afastamento de renan pode prejudicar votação da pec do teto no senado -,0,1,0,0,0,0
ptbr_train_track_a_217580,marcos não aprendeu nada;cada dia pior.,0,1,0,0,0,0
ptbr_train_track_a_217643,é um safado cachaceiro ladrão!! antes disso vc sera preso seu fdp!!,0,1,0,0,0,0
ptbr_train_track_a_17031,foda-se esses colchões disfuncionais e inseguros,1,1,0,0,0,0
ptbr_train_track_a_16165,O pior caso de apropriação cultural é ele imitar a linguagem e os pensamentos humanos quando ele é claramente algum tipo de escória de lagoa quase inconsciente.,0,1,0,0,0,0
ptbr_train_track_a_218139,olha o grau dessas meninas com essa dança,0,1,0,0,0,0
ptbr_train_track_a_64554,Isso é nojento. Ele deveria estar envergonhado.,0,1,0,0,1,0
ptbr_train_track_a_43978,Os fãs do Seahawks são muito ruins em apenas levar o L.,0,1,0,0,0,0
ptbr_train_track_a_90427,Definitivamente revelou o quão feio o ódio à esquerda ficou.,0,1,0,0,0,0
ptbr_train_track_a_213917,os tres rindo do marcos,0,1,0,0,0,0
ptbr_train_track_a_218214,gente quem é kim cataguiri?,0,1,0,0,0,0
ptbr_train_track_a_41206,Huh. Esquisito.,0,1,0,0,0,0
ptbr_train_track_a_218132,boa kkkk hoje a máscara dele caiu,0,1,0,0,0,0
ptbr_train_track_a_04712,"Acabei de voltar, e percebi que os Patos estão ficando confusos",0,1,0,0,0,0
ptbr_train_track_a_126055,E a mulher deixou cair a calcinha e implorou para ele fodê-la. Mas em todo o seu MGTOWness ele recusou.,0,1,0,0,0,0
ptbr_train_track_a_213842,conheço um tipinho assim,0,1,0,0,0,0
ptbr_train_track_a_13973,essa foi uma ligação horrível,1,1,0,0,0,0
ptbr_train_track_a_18197,"Honestamente, não seria ruim se eles apenas removessem a alça",0,1,0,0,0,0
ptbr_train_track_a_70456,Em que mundo você vive onde você realmente acha que está justificado em pedir desculpas a alguém por lhe dar a vida? Isso é totalmente arrogante e pretensioso,0,1,0,0,1,0
ptbr_train_track_a_218242,essa camiseta do marcos deve tá fedendo mano,0,1,0,0,0,0
ptbr_train_track_a_162500,"Não há nada mais repugnante do que aqueles que colocam crianças em perigo, a menos que sejam as pessoas que permitem que elas causem mais danos.",0,1,0,0,0,0
ptbr_train_track_a_218154,"a galera é tão egoísta e hipócrita que ao invés de torcer para o brasil se reerguer; torce pra que ele piore ainda mais (se é que dá) só pra ter o ""prazer"" de jogar na cara do outro que votou no bolsonaro.",0,1,0,0,0,0
ptbr_train_track_a_217816,esse juiz partidário e vendido é o tipo q de pior nossa sociedade produz.,0,1,0,0,0,0
ptbr_train_track_a_82400,Como você ousa colocar x no mesmo nível que [NAME] e [NAME] [NAME] isso é nojento,0,1,0,0,0,0
ptbr_train_track_a_217764,quem indeniza as horas no trânsito; as lojas q fecharam antes... quem??,0,1,0,0,0,0
ptbr_train_track_a_04047,Haveria muita tensão sexual na época...,0,1,0,0,0,0
ptbr_train_track_a_14419,"Ela pode ser uma [NAME], mas ela não é minha Waifu ARTEMIS FOREVER SUCKERS",0,1,0,0,0,0
ptbr_train_track_a_217883,muita gente sai da nossa vida pensando que pode voltar; mas esquecem que nem todo lixo é reciclável!,0,1,0,0,0,0
ptbr_train_track_a_217795,como q esse povo gosta dessa ana paula? mulher convencida.,0,1,0,0,0,0
ptbr_train_track_a_31527,"Sim, mas acho que ele estava brincando. Como um comentário cínico e sarcástico",1,1,0,0,0,0
ptbr_train_track_a_108009,8 Sua moralidade é depravada. 9 Sua brutalidade é indulgente. 10 Sua religião é repudiada. 11 Sua existência é anulada. 12 Seus crentes estão enganados.,1,1,0,0,0,0
ptbr_train_track_a_174293,"Oh cara, eu estava bem acordado quando perdi meu menos de 51,5. [NAME] pode ir se foder ele mesmo feio",0,1,0,0,0,0
ptbr_train_track_a_217982,e na calada da noite ... os gatunos fazem o q querem,0,1,0,0,0,0
ptbr_train_track_a_172029,"Horrível, isso também se reflete na minha experiência na escola de atuação, onde você não tem permissão para se defender de forma alguma.",0,1,1,0,0,0
ptbr_train_track_a_68901,Eu vi propostas ridículas de AOCs,1,1,0,0,0,0
ptbr_train_track_a_59200,Na SkyZone com o garoto tirando energia. Em seguida é uma visita ao dentista... ugh,0,1,0,0,0,0
ptbr_train_track_a_71996,"Yeeeaaahhh... ""proteger""... Tenho certeza que esse cara tem uma masmorra de estupro cheia de travesseiros de colegial em seu porão.",0,1,0,0,0,0
ptbr_train_track_a_213889,sexta-fire e eu tô louco pra tomar um trago mas n possoo,0,1,0,0,0,0
ptbr_train_track_a_217981,chega ser d 1 podridão sem tamanho. nojo d gente assim.esse tipo d pessoa; pode ter certeza q a msm q cobra honestidade...,0,1,0,0,0,0
ptbr_train_track_a_78864,"Caramba, esse filme foi ruim.",0,1,0,0,0,0
ptbr_train_track_a_33824,"Cara, que idiota. Tudo o que você precisa fazer é if(on_earth) fireRocket(); Vou receber meu salário de 7 dígitos agora.",0,1,0,0,0,0
ptbr_train_track_a_31892,"gotchu lol, nesse caso desculpe, você foi votado para o inferno por isso lol",0,1,1,0,1,0
ptbr_train_track_a_217661,eu ouvi o voto do crápula do eduardo cunha?que deus tenha misericórdia desta nação!.,0,1,0,0,0,0
ptbr_train_track_a_217848,tem umas pessoas que se aproximam de vc só pra saber da tua vida; paga de psicóloga só pra saber das suas intimidades e sai espalhando por aí.,0,1,0,0,0,0
ptbr_train_track_a_13941,"Uma quantidade horrível de óleo de gergelim, Deus, isso seria horrível.",0,1,0,0,0,0
ptbr_train_track_a_08965,Completamente perdido! Nunca pensei que um miúdo pudesse crescer sem fios.,1,1,0,0,0,0
ptbr_train_track_a_161784,Uma descrição melhor seria que ela teve um susto desagradável em vez de ser aterrorizante.,0,1,1,0,0,0
ptbr_train_track_a_18925,Cada hit deve adicionar mais e mais screenshake. Que ferramenta.,1,1,0,0,1,0
ptbr_train_track_a_217869,eu tenho nojo dessas pessoas que vivem na merda. mais insistem em querer ser melhor que os outros!!!,0,1,0,0,0,0
ptbr_train_track_a_218121,e o jabá correndo solto na imprensa baiana...,0,1,0,0,0,0
ptbr_train_track_a_21282,HYS é a pior seção de comentários da Internet. Faz com que os comentários do Youtube pareçam o Gardeners Question Time.,0,1,0,0,0,0
ptbr_train_track_a_41159,Eca. Eu gostaria que você estivesse errado.,0,1,0,0,0,0
ptbr_train_track_a_19813,Não posso acreditar na porra da audácia dele. Tenha alguma vergonha pelo bem de [NOME].,1,1,0,0,0,0
ptbr_train_track_a_15140,"Boa leitura cara, parece uma loucura, é o pior vomitar vermelho na frente de pessoas aleatórias lmfao 😂",0,1,0,1,0,0
ptbr_train_track_a_04449,"Ela os recusa inalando-os [desculpe se isso soou ruim, por favor, não faça downvite]",1,1,0,0,1,0
ptbr_train_track_a_07757,"Estou pronto para a destruição a qualquer momento. A destruição é minha melhor amiga! Mas espero que você se sinta melhor, corações partidos realmente são uma droga.",0,1,0,0,0,0
ptbr_train_track_a_22701,"Submisso? ""ela é uma [NAME] tão literalmente que é como se um carro novinho em folha [NAME] me abençoou."" Você é nojento.",0,1,0,0,0,0
ptbr_train_track_a_07472,Mesmo. Todos os outros mapas no OG com SSD estavam bem. [NAME] cai e é terrível.,0,1,0,0,0,0
ptbr_train_track_a_213963,tudo acabou! corrupção acabou; lava jato; roubalheira e acordamos em um verdadeiro conto de fadas azul!,0,1,0,0,0,0
ptbr_train_track_a_64181,>Esse estranho gelo explodindo [NAME] que eu não vi antes? Uau. Eu... isso é uma merda aí.,0,1,0,1,0,0
ptbr_train_track_a_48162,"Tbh, por mais assustador que este post seja, eu era muito mais sexualmente ativo quando eu tinha 16-20 anos do que sou hoje As crianças estão com tesão 💁‍♂️ Idk",0,1,0,0,0,1
ptbr_train_track_a_97777,"Acabei de assistir a 5ª temporada. Meu Deus, eu tinha esquecido como [NAME] é horrível.",1,1,0,0,0,0
ptbr_train_track_a_218010,pt teve treze anos para não cobrar imposto de renda de quem ganha abaixo de 5 salários; mas sempre arrochou mais e mais. agora roubam a proposta do bolsonaro.,0,1,0,0,0,0
ptbr_train_track_a_217950,tenho um pouco de nojo do marcelo provando a comida e mexendo novamente com o mesmo talher que levou a boca,0,1,0,0,0,0
ptbr_train_track_a_06239,Eu realmente desprezo aquela mulher.,0,1,0,0,0,0
ptbr_train_track_a_24079,Ela fez uma campanha ridiculamente ruim no Senado em 2014 e não obteve relações públicas positivas desde então. Não muito preocupado.,0,1,1,1,0,0
ptbr_train_track_a_33315,Foi o pior filme pornô cinemax que eu já vi.,1,1,0,0,0,0
ptbr_train_track_a_34798,Maldito seja esse garoto e suas roupas extravagantes me fazem sentir como um mau pai.,0,1,0,0,0,0
ptbr_train_track_a_142219,"Eu pirateei este filme ontem à noite e posso confirmar: é realmente horrível. Não apenas carente de bom, mas *agressivamente* ruim.",0,1,0,0,0,1
ptbr_train_track_a_55109,"Meio do jogo? Eu estava preocupado que isso aconteceria comigo, exceto o inverso. Aguente esse contrato por mais uma hora haha",0,0,1,0,0,1
ptbr_train_track_a_07129,> Dormir ao lado de alguém que eu sabia que minha esposa está tentando me matar!,0,0,1,0,1,0
ptbr_train_track_a_48471,"Diz que os millennials têm medo do trabalho duro, descarta o trabalho duro necessário para obter um corpo em forma.",0,0,1,0,0,0
ptbr_train_track_a_79492,Sério? Votou para baixo por pensar que pegar o telefone no meio do sexo é uma porcaria?,0,0,1,0,0,0
ptbr_train_track_a_11762,uuuuugh o que mantém o pênis cuspindo,0,0,1,0,0,1
ptbr_train_track_a_216499,o ano está voando... estou perdidinha...rs.,0,0,1,0,0,0
ptbr_train_track_a_07491,Um cara desse tamanho poderia facilmente matar uma mulher pequena com um soco direto,0,0,1,0,0,0
ptbr_train_track_a_216682,de barata: catsaridafobia! tenho esse troço aí!,0,0,1,0,0,0
ptbr_train_track_a_11495,"Eu sei que para você professor, o intervalo não é nada. Mas para mim, é sério.",1,0,1,0,0,0
ptbr_train_track_a_216519,já turistei em cavernas; mas não consegui ficar muito tempo não. começa a dar um pânico e eu fico mais próximo da entrada mesmo. todo o grupo entra e eu fico esperando o mais próximo da saída possível,0,0,1,0,0,0
ptbr_train_track_a_216637,"a ascensão do no brasil é; de alguma maneira; o fechamento com ""chave de ouro"" do golpe de 2016. falava-se tanto sobre o do brasil se tornar uma venezuela com o pt. estão colocando um maduro tupiniquim no poder.",0,0,1,0,0,0
ptbr_train_track_a_216793,amigos :- fica com  não eu: - to com  não,0,0,1,0,0,0
ptbr_train_track_a_214489,puta  q pariu minha mao ta ardendo e coçando mt por causa dessas mexericas q descasquei isso nunca aconteceu,0,0,1,0,0,0
ptbr_train_track_a_214444,hoje no trabalho  fui comer a marmita  de 10 e tava estragada; aquela puta não tomava banho so pode ksksksksks  do pau cair,0,0,1,0,0,0
ptbr_train_track_a_138756,"só os lisonjeia quando são colocados de uma certa maneira. mas fora isso, parece horrível e desconfortável",1,0,1,0,0,0
ptbr_train_track_a_214443,o que mais tememos normalmente é aquilo que mais precisamos fazer.,0,0,1,0,0,0
ptbr_train_track_a_15419,"Tenho medo de me perder lentamente, e minha cognição por causa de uma doença muito mais do que temo morrer de um acidente aleatório tbh.",0,0,1,0,0,0
ptbr_train_track_a_83242,"Estou muito feliz que o cara o salvou, mas vê-lo tão lamentável e assustado realmente permanece comigo. :(",0,0,1,1,0,0
ptbr_train_track_a_77001,Agora você está pensando: 'Espero que seja torta de pastor na minha calcinha!,0,0,1,1,0,0
ptbr_train_track_a_216547,ela é daquelas que da bronca! uiii,0,0,1,0,0,0
ptbr_train_track_a_63736,Julgamento por júri de meus pares é honestamente meu pior medo,0,0,1,0,0,0
ptbr_train_track_a_50394,"Eu estava prestes a comentar isso. Ela pode ser um ser humano maravilhoso, mas tenho suspeitas.",0,0,1,0,0,0
ptbr_train_track_a_136798,Por favor! Ela é minha escolha número 1. A rara mistura de super simpático e hipercompetente. Como [NAME] misturado com [NAME].,0,0,1,0,0,0
ptbr_train_track_a_30705,Eu pensei que isso era uma pele torb e eu estava prestes a morrer,0,0,1,0,0,0
ptbr_train_track_a_16194,"Fico me perguntando sobre a depilação com cera nas axilas, mas a dor potencial me assusta.",0,0,1,0,0,1
ptbr_train_track_a_66954,"Nós iremos. Essa é a sua crença. Eu sei que você e o próximo não podem me dizer como aumentar o meu, então não estou preocupado com tudo isso.",0,0,1,1,0,0
ptbr_train_track_a_55410,É por isso que tenho medo de voar.,0,0,1,0,0,0
ptbr_train_track_a_26250,Estou prestes a ter um ataque cardíaco esta noite,0,0,1,0,1,0
ptbr_train_track_a_46549,Por que eu vou fazer? Parar a formiga? também tenho medo dele,0,0,1,0,0,0
ptbr_train_track_a_46435,Talvez você estivesse deprimido porque seu lugar estava uma bagunça.,0,0,1,0,1,0
ptbr_train_track_a_39863,"Se você está realmente tão decidido contra a escavação de calçadas, talvez devesse mudar para um clima mais quente.",0,0,1,0,0,0
ptbr_train_track_a_49565,Estou com medo de fazer isso porque o S.A.G.E. me disse que eu era travesti,0,0,1,0,0,0
ptbr_train_track_a_189459,"Oh droga, isso vai me caçar.",0,0,1,0,0,0
ptbr_train_track_a_34903,"Ah, eu vi. Eu estava dando a ele o benefício da dúvida para ver se ele acabaria dizendo a parte silenciosa em voz alta.",0,0,1,1,0,1
ptbr_train_track_a_216730,e eu que nunca me liguei nisso; mandei msg prum boy hj e ele me respondeu com essa risada; nem contei quantos k; vou lá ver;,0,0,1,0,0,0
ptbr_train_track_a_216665,gnt a mina da rt em uns bglh mto legais e eu smp curto; será q ela acha q eu to perseguindo ela?,0,0,1,0,0,0
ptbr_train_track_a_67565,Eu iria ver um médico o mais rápido possível e procurar um psiquiatra. Alucinações de qualquer tipo são preocupantes.,0,0,1,0,0,0
ptbr_train_track_a_40138,Só o nome disso me dá ansiedade,0,0,1,0,0,0
ptbr_train_track_a_83190,Contrato de entrada de 20 milhões por ano [NOME] !!!,0,0,1,0,0,0
ptbr_train_track_a_216529,acho que tenho o nome do próximo filme de terror: pessoas no trem!só o nome já dá . deveriam filmar algo dentro do trem sem as pessoas saberem. o clima aqui é muito tenso. e da  de verdade! patrocina esse filme.,0,0,1,0,0,0
ptbr_train_track_a_147046,*6 objetivamente [NAME] e [NAME] são péssimos em seus trabalhos.,0,0,1,0,0,0
ptbr_train_track_a_214493,eles tão indo pra cima igual a da,0,0,1,0,0,0
ptbr_train_track_a_82158,"Oh não, meus jimmies estão tão farfalhantes! Por favor, desista de suas brincadeiras implacáveis!",0,0,1,0,0,0
ptbr_train_track_a_129252,Agora estou com medo de postar este link]( acho que deveria [parar.,0,0,1,0,0,0
ptbr_train_track_a_33858,Essa faca parece terrivelmente familiar... *bufando e as garras estalando à distância*,0,0,1,0,0,0
ptbr_train_track_a_214353,amanhã começo a estudar para a etec,0,0,1,0,0,0
ptbr_train_track_a_23278,Os repórteres não devem ter medo dos governos - os governos devem ter medo dos repórteres.,0,0,1,0,0,0
ptbr_train_track_a_214272,e quando os caras ficam te encarando no rolê..,0,0,1,0,0,0
ptbr_train_track_a_216553,esse filme da é sinistro,0,0,1,0,0,0
ptbr_train_track_a_15234,Isso é horrível. Que país? Se você não se importa. Minha [NOME] foi abusada por seu pai fortemente religioso (pentecostal).,0,0,1,0,1,0
ptbr_train_track_a_115815,Porra eu sei. Estou tão preocupada com garotas como eu crescendo agora.,0,0,1,0,0,0
ptbr_train_track_a_11181,"Às vezes eu acho que é como o filme *Shallow Hal*. Você vê a pessoa por quem ela realmente é por dentro, e é aterrorizante.",0,0,1,0,0,0
ptbr_train_track_a_214335,eu ajudando a dayra organizar festa kkkkkkkkkkkk,0,0,1,0,0,0
ptbr_train_track_a_10113,Juro que já vi isso antes? foi repostado?,0,0,1,0,0,1
ptbr_train_track_a_216704,[16/6 17:06] •lauren•: eu e nayra estamos num plano aqui[16/6 17:09] índia má : 17:10] •lauren•:  pq[16/6 17:10] índia má : pq vcs são doidas; vai saber oq estao aprontandook,0,0,1,0,0,0
ptbr_train_track_a_16036,Essa garota do sul da Flórida adora o sorvete Jaxons. Ver a pia da cozinha me faz querer dirigir para casa.,0,0,1,1,0,0
ptbr_train_track_a_216750,insta conheça o filme de terror acessando,0,0,1,0,0,0
ptbr_train_track_a_214486,fiquei mexendo no celular na chuva e agora n tá saindo som,0,0,1,0,0,0
ptbr_train_track_a_105323,"Sinceramente, prevejo um tumulto na escala dos de 2011 se passarmos por um brexit sem acordo - possivelmente ainda pior. É assustador.",0,0,1,1,0,0
ptbr_train_track_a_214450,a partir do momento em que o brasil estiver entregue a esse ditador; continuaremos a ser roubados; mas com uma mordaça cercada de homens fardados; fortemente armados; cheios de benefícios e autoridade p/ reprimir e silenciar quem bem entenderem.,0,0,1,0,0,0
ptbr_train_track_a_214475,deu  !!!ou melhor...vai dar dia 10/11.,0,0,1,0,0,0
ptbr_train_track_a_216724,que chuva é essa???,0,0,1,0,0,0
ptbr_train_track_a_29171,Tenho 25 anos e ainda não tenho habilitação. Tenho pavor de dirigir e fico ansioso toda vez que estou ao volante.,0,0,1,0,0,0
ptbr_train_track_a_103312,"Eu diria que o maior problema potencial é ser denunciado por atentado ao pudor, que vai para o seu registro criminal.",0,0,1,0,0,0
ptbr_train_track_a_116475,"Não, os ursos pretos são grandes gatos assustados Agora os marrons por outro lado...",0,0,1,0,0,0
ptbr_train_track_a_20063,Não faça isso eu acho perigoso,0,0,1,0,0,0
ptbr_train_track_a_91916,Ele tem 30 anos e tem medo de administrar uma conta bancária. *revirar os olhos*,0,0,1,0,0,0
ptbr_train_track_a_94615,Uau! está morto aqui,0,0,1,0,0,1
ptbr_train_track_a_64639,"Tomei por um ano. Tive esse problema antes, durante e depois. Pode ser coincidência o momento de começar a ser perceptível.",0,0,1,0,0,0
ptbr_train_track_a_79206,"Muito cansado para o trabalho hoje, então tirar o dia de folga. Parece ótimo!",0,0,1,1,0,0
ptbr_train_track_a_214411,abri o snap da maria clara q falava alguma coisa sobre farofa e veio notificação do polonio na mesma hora falando de farofa,0,0,1,0,0,0
ptbr_train_track_a_214483,mano grito muito alto,0,0,1,0,0,0
ptbr_train_track_a_70543,"quero dizer, pelo menos não temos que nos preocupar em ficar envergonhados por termos um pênis pequeno, eu acho?",0,0,1,0,1,0
ptbr_train_track_a_108799,"Eu deveria ter dito sem nozes em retrospectiva, mas esta mulher estava pronta para matar. Tem que amar a hospitalidade às vezes.",0,0,1,0,0,0
ptbr_train_track_a_216695,manda quem pode,0,0,1,0,0,0
ptbr_train_track_a_13518,"Assim que viram a tintura de cabelo roxa entrar no carrinho da Amazon, ficaram com muito medo.",0,0,1,0,0,0
ptbr_train_track_a_13363,Isso deve ter sido totalmente horrível para você. Fico feliz em saber que você encontrou paz no segundo nascimento.,0,0,1,1,0,0
ptbr_train_track_a_10433,Acho que [NAME] também ficaria chateado com isso,0,0,1,0,0,0
ptbr_train_track_a_149568,O pânico e o constrangimento de segunda mão que sinto com isso é surpreendente,0,0,1,0,0,0
ptbr_train_track_a_55680,Oh meu [NOME] eu vi as pedras abaixo do cachorro e temi o pior!,0,0,1,0,0,0
ptbr_train_track_a_214433,viva sem  pois o  e também,0,0,1,0,0,0
ptbr_train_track_a_161909,A ideia de atirar em qualquer coisa em requerentes de asilo é terrível.,0,0,1,0,0,1
ptbr_train_track_a_40964,"Sim. Lutei para manter um emprego, então estaria em apuros sem ele.",0,0,1,0,0,0
ptbr_train_track_a_216629,vem passar um cagaço com a gente. escute nosso episódio de historias de  link,0,0,1,0,0,0
ptbr_train_track_a_214409,são paulo é foda; mas já estou com saudade dos meus migos; imagina quando for pro pr,0,0,1,0,0,0
ptbr_train_track_a_31085,Sofrendo por causa do sucesso...,0,0,1,0,1,0
ptbr_train_track_a_46093,Eu estou ficando velho. :/,0,0,1,0,1,0
ptbr_train_track_a_37781,Porque é incrivelmente assustador.,0,0,1,0,0,0
ptbr_train_track_a_18312,Isso tem que ser uma piada. Sua palavra escrita é atroz.,0,0,1,1,0,0
ptbr_train_track_a_16910,.... está chovendo no meu rosto,0,0,1,0,1,0
ptbr_train_track_a_59900,USC teve 4 caras cometendo 2 faltas no primeiro tempo. Isso pode se tornar uma guerra de atrito.,0,0,1,0,0,0
ptbr_train_track_a_50252,"#VOCÊ ESTÁ CERTO, AS PESSOAS FICAREM INdignadas COM AS AÇÕES DE UM CRIMINOSO É HISTÉRICO!",0,0,1,1,0,1
ptbr_train_track_a_214343,caraleo juro por tudo fiz até na calculadora; o meu deu 5.470  kkkkkjjkkjjk,0,0,1,0,0,0
ptbr_train_track_a_87959,Sabemos que a imunidade à caxumba diminui; é possível que a imunidade ao sarampo faça a mesma coisa? Estou meio com medo de tentar pesquisar no Google também.,0,0,1,0,0,0
ptbr_train_track_a_216705,q prova foi essa kkkkk,0,0,1,0,0,0
ptbr_train_track_a_214445,povo que eu conheço começando a me seguir,0,0,1,0,0,0
ptbr_train_track_a_67439,Confie em mim cara. Não o veja. Está cicatrizando.,0,0,1,0,0,0
ptbr_train_track_a_48984,Honestamente com medo de ver o que acontece,0,0,1,0,0,0
ptbr_train_track_a_216807,palmas já não eh mais aquela calmaria meus amigos; as notícias dessa noite afirmam isso!!,0,0,1,0,0,0
ptbr_train_track_a_214318,crlhhhh!!!! por isso to com cólica; acabei de lembrar q não tomei meu remédio desde ontem,0,0,1,0,0,0
ptbr_train_track_a_216735,hoje tive o sonho mais loco e real de todos os meus devaneios ...,0,0,1,0,0,0
ptbr_train_track_a_13494,Quem está fazendo lavagem cerebral nas pessoas para acreditar que é tudo uma construção social? É realmente assustador que se tornou tão mainstream.,0,0,1,0,0,0
ptbr_train_track_a_216533,só queria beber até não lembrar meu nome; ótimo jeito de ficar bem... credo; tô parecendo minha vó q era alcoólatra.,0,0,1,0,0,0
ptbr_train_track_a_134058,"[NOME] para mim será para sempre a prova de que as verdadeiras pessoas perigosas não são as que contam mentiras, mas sim as pessoas que acreditam nelas.",0,1,1,0,0,0
ptbr_train_track_a_13775,Meu único arrependimento é não fazer uma conta mais cedo. Eu espreitei por um longo tempo porque senti que não tinha nada que valesse a pena dizer.,0,0,1,0,1,0
ptbr_train_track_a_102398,"Isso é tão assustador e assustador. Imagine se ele fosse mesmo um Dr, e o único disponível na sua hmo.",0,0,1,0,0,0
ptbr_train_track_a_03544,Bem-vindo à experiência Just Cause,0,0,1,0,0,0
ptbr_train_track_a_62350,O meu uma vez atrasou 6 horas. Foi horrível. Grande abraço para você. Beba todo o vinho que encontrar!,0,0,1,0,0,0
ptbr_train_track_a_216483,ouvi alguém bater na porta do laboratório; quando olhei não tinha ninguém,0,0,1,0,0,0
ptbr_train_track_a_34779,O relatório de cabeceira é terrível.,0,0,1,0,0,0
ptbr_train_track_a_62641,"Acho normal. Não analise como você se parece e se preocupe com isso, esses idiotas com certeza não quando dizem suas besteiras",1,0,1,1,0,0
ptbr_train_track_a_60737,"Toda vez que vejo algo neste sub que parece nítido, fico muito preocupado.",0,0,1,0,1,0
ptbr_train_track_a_35552,"Me sinto horrível postando, mas não pude deixar de compartilhar :|",0,1,1,0,0,0
ptbr_train_track_a_216669,será que o rorschach causa ?,0,0,1,0,0,0
ptbr_train_track_a_214447,todos prontos para a volta do pt?,0,0,1,0,0,0
ptbr_train_track_a_12741,O único problema é que alguns de vocês estão obcecados com cada pequena coisa que Eureka faz.,0,0,1,0,0,0
ptbr_train_track_a_216828,tenho  das pessoas q fixam me stalkeando na internet.,0,0,1,0,0,0
ptbr_train_track_a_216590,fazer as coisas por  é uma coisa; fazer por amor é completamente diferente. o amor se conquista; o  se impõe.,0,0,1,0,0,0
ptbr_train_track_a_33277,"Se nada fosse dito e você pudesse ficar noivo o dia todo amanhã, eu não me preocuparia.",0,0,1,1,0,0
ptbr_train_track_a_216506,gente rafaela vendo meus históricos do pc,0,0,1,0,0,0
ptbr_train_track_a_12381,"Eu ficaria longe de [NOME]. Aparentemente, sua lesão infeccionou e exigirá mais cirurgias/cirurgias",0,0,1,0,0,0
ptbr_train_track_a_216833,rapá!!! nem começou o governo e a bolsonarofamilia já tá fazendo a gente sentir saudades da familia temer... em vila velha; brazil,0,0,1,0,0,0
ptbr_train_track_a_157123,A população em geral tem medo da imprensa,0,0,1,0,0,0
ptbr_train_track_a_144476,Desinfetado ou higienizado talvez. De jeito nenhum uma mesa de exame inteira é esterilizada.,0,0,1,0,0,0
ptbr_train_track_a_10683,"Minha família nunca se importou o suficiente, eu gostaria que eles se importassem...",0,0,1,0,1,0
ptbr_train_track_a_216626,a gente combina de fazer as coisas de boa em casa; mas sempre vira locurão,0,0,1,0,0,0
ptbr_train_track_a_05253,"Eu pensei que me descrevia perfeitamente bem, quase assustadoramente preciso, então eu pessoalmente acredito nele. Pelo menos para INTP.",0,0,1,1,0,0
ptbr_train_track_a_27375,"Então, isso é super ilegal nos EUA E um cooler não vale a pena cortar as pontas dos dedos de alguém.",1,0,1,0,0,0
ptbr_train_track_a_16331,Os dela são simplesmente terríveis. Eu vi a aparência ótima em outras pessoas.,0,0,1,1,0,0
ptbr_train_track_a_214438,depois dessa até enrolei minha cabeça com o cobertor,0,0,1,0,0,0
ptbr_train_track_a_22618,"O câncer é incrivelmente difícil de obter uma vacina, uma vez que é único para todos. DNA diferente em cada um. ambos são difíceis de curar.",0,0,1,0,0,0
ptbr_train_track_a_216653,eu tenho umas pessoas no meu facebook que eu tento entender o que eu tinha na cabeça quando adicionei,0,0,1,0,0,0
ptbr_train_track_a_148316,Ri nervosamente de ansiedade,0,0,1,0,0,0
ptbr_train_track_a_05837,"[NAME] parecia terrível naquele jogo. Eu realmente esperava estar errado, mas ele veio exatamente como anunciado pelos fãs dos Hawks",0,0,1,0,0,0
ptbr_train_track_a_02996,"Oh Deus, isso não é bom! Talvez as outras opções sejam melhores lugares para começar",0,0,1,0,0,0
ptbr_train_track_a_07406,Não me faça correr! Estou cheio de chocolate!,0,0,1,0,0,0
ptbr_train_track_a_111225,"Meu Deus, [NOME] parece rude.",0,0,1,0,0,0
ptbr_train_track_a_214488,[28/3 22:01] roberta: é mt coisa pra estudar; sem tempo e n é facil[28/3 22:03] thais: e a gente só ta no primeiro período[28/3 22:04] roberta: e já to no desespero[28/3 22:04] roberta: pior se eu terminar a faculdade e continuar pobre,0,0,1,0,0,0
ptbr_train_track_a_27129,Isso me deu ansiedade final,0,0,1,0,0,0
ptbr_train_track_a_216531,só esperando a hora em que petyr baelish se vira contra edduard stark numa traição sem precedentes.agora leia trocando baelish por exercício e stark por temer.,0,0,1,0,0,0
ptbr_train_track_a_08047,Estava me sentindo vitimado que estava muito frio no meu apartamento. As janelas são frias!!!!,0,0,1,0,0,0
ptbr_train_track_a_214487,nego anda tão desacreditado na classe política; que é capaz de eleger um cara desse...,0,0,1,0,0,0
ptbr_train_track_a_216688,insta a única regra é não ter limites. estreia na próxima quinta-feira.,0,0,1,0,0,0
ptbr_train_track_a_214428,vendo essa reposta de bruna; fico pensando: realmente; nem tudo q sai nesses igs e sites de fofoca são mentiras. eu fico é boba como eles sabem tudo q rola pelos bastidores.,0,0,1,0,0,0
ptbr_train_track_a_214278,amnh provinha de mat,0,0,1,0,0,0
ptbr_train_track_a_216508,mais um pouco sobre em 09 de fevereiro; mais um curso para controle da ansiedade; com dicas e práticas.,0,0,1,0,0,0
ptbr_train_track_a_06199,"[NAME] parece muito assustador, mas é um desenho muito legal.",0,0,1,1,0,0
ptbr_train_track_a_23082,"Quando jorrou eu me peguei dizendo ""ooof"" em voz alta",0,0,1,0,0,0
ptbr_train_track_a_14275,Você parece horrível,0,0,1,0,0,0
ptbr_train_track_a_74358,Isso é terrível,1,0,1,0,0,0
ptbr_train_track_a_214374,jesus socorro tava la seguindo a galera eu sem querer segui um cara com aqls conta de porno; e ele me mandou um emoji na dm,0,0,1,0,0,0
ptbr_train_track_a_125846,"caramba, como alguém que desloca as coisas com frequência ([NOME]), isso me assusta!",0,0,1,0,0,0
ptbr_train_track_a_216534,manu e a lari querem conversar cmg pessoalmente quarta,0,0,1,0,0,0
ptbr_train_track_a_17762,Receio ter de aceitar o que ele disse há cerca de uma hora. Unicórnios. Ele apenas descartou qualquer tipo de,0,0,1,0,0,0
ptbr_train_track_a_21899,Máximo bobo!,0,0,1,0,0,0
ptbr_train_track_a_214302,o  capítulo mais tenebroso da franquia esta chegando; quem ai esta ansioso  para ver mais um capítulo do universo invocação do mal?,0,0,1,0,0,0
ptbr_train_track_a_216794,afrontei o lucas então acho que eu vou dormir; de ser atacada,0,0,1,0,0,0
ptbr_train_track_a_114301,"Eu sei. Talvez, se eles perceberem isso, parem de usar esse aplicativo.",0,0,1,0,0,0
ptbr_train_track_a_07698,"Oh alegria, agora minha vida está completa 🙄 Qualquer coisa que termine em -asm deve ser evitada como uma praga.",0,0,1,0,0,0
ptbr_train_track_a_117424,Eles poderiam ter usado a explicação de pessoas E-2 vibrando em uma frequência diferente. Pelo menos isso é previamente estabelecido.,0,0,1,0,0,0
ptbr_train_track_a_06426,Isso só me empurra para mais perto do vazio,0,0,1,0,0,0
ptbr_train_track_a_216600,o vizinho do meu boy tem pavor de cachorros. meu boy tem uma cadela. o vizinho direto fica atrás da cortina olhando pra sala do ap do meu boy; onde a cadelinha sempre fica.,0,0,1,0,0,0
ptbr_train_track_a_214301,saiu vídeo novo no canal; dessa vez trazendo o segundo episódio da série de outlast que puta vida me deixou com mta afliçao kkkk,0,0,1,0,0,0
ptbr_train_track_a_20255,"Não se preocupe, quando você completar 20 anos você vai olhar para trás e se encolher também.",0,0,1,1,0,1
ptbr_train_track_a_10777,Este é o combustível do pesadelo,0,0,1,0,0,0
ptbr_train_track_a_20833,Os Rockets também. Este mês será um show de horrores.,0,0,1,0,0,0
ptbr_train_track_a_214453,mano com ctz tem algo errado com esse ano d 2k18 pq   como assim ja acabou agosto? kkkkkkkkkkkkkkkkkk,0,0,1,0,0,0
ptbr_train_track_a_133378,Isso é o material dos pesadelos ali,0,0,1,0,0,0
ptbr_train_track_a_16461,"Não se preocupe, ele tem mais medo de você do que você dele. Apenas seja forte, vai funcionar... talvez...",0,0,1,0,0,0
ptbr_train_track_a_35503,Preocupado com isso escapar ... agora isso é comida fresca.,0,0,1,1,0,0
ptbr_train_track_a_96991,Caramba. Isso soa terrível 😢,0,0,1,0,0,0
ptbr_train_track_a_214282,levar ou nao o celular?,0,0,1,0,0,0
ptbr_train_track_a_143717,"Ei, esse [NOME] estava literalmente puxando os movimentos dos jogos Hitman pulando para a sua sacada. Isso é aterrorizante.",0,0,1,0,0,0
ptbr_train_track_a_216713,o motorista do ônibus tá com mais pressa de chegar logo; do que eu! mds... loucura!,0,0,1,0,0,0
ptbr_train_track_a_16919,"Sim, um garoto em uma BMW me tirou da estrada. Eu não apenas crash teve alguma ajuda.",0,0,1,0,0,0
ptbr_train_track_a_75319,Isso me dá ansiedade e azia só de olhar para ele!,0,0,1,0,1,1
ptbr_train_track_a_53401,Meu [NOME]... Isso torna muito mais assustador.,0,0,1,0,0,1
ptbr_train_track_a_66184,"Apenas diz que [NAME] é seu novo homem principal. Duvido que tenha sido uma escavação intencional em [NAME], mas com certeza parece que sim.",0,0,1,0,0,0
ptbr_train_track_a_13516,Isso soa um pouco paranóico,0,0,1,0,0,0
ptbr_train_track_a_15334,Vê-lo se deteriorar em uma distopia horrível. Custos de saúde. Dental. Baixos salários.,0,0,1,0,0,0
ptbr_train_track_a_32408,Então você tem seus atacantes gêmeos de 6'9 e 215 libras jogando em posições diferentes? Interessante. Eu vejo porque os Hornets são tão terríveis.,0,0,1,0,0,1
ptbr_train_track_a_36079,Eu tirei uma foto de um agricultor tratando suas colheitas com rodeios ontem.. foi horrível,0,0,1,0,0,0
ptbr_train_track_a_57951,"Quero dizer, faz sentido, eles gostam de [NOME] porque eles curtem totalmente os tipos horrivelmente atrofiados socialmente, então eles amam [NOME] por traumatizá-la terrivelmente.",0,0,1,0,0,0
ptbr_train_track_a_113778,Isso é absolutamente aterrorizante para mim. Oh meu Deus. A ideia de que ela ficou presa quando criança a vida inteira é apenas... uau.,0,0,1,0,0,1
ptbr_train_track_a_131404,Ele é apenas a exceção à regra embora.,1,0,1,0,1,0
ptbr_train_track_a_54433,Eu teria medo de ficar chapado depois disso,0,0,1,0,0,0
ptbr_train_track_a_53974,me senti mal por rir,0,1,1,0,1,0
ptbr_train_track_a_24628,"Que vídeo horrível. Eu só queria ver o salto em tempo real, não 10 cortes da largada, seguidos de 1 final em slomo.",0,0,1,1,0,0
ptbr_train_track_a_38275,...e a ​​vida pode ser muito boa quando você se liberta desse medo!,0,0,1,1,0,0
ptbr_train_track_a_55598,"Não consigo assistir ao vídeo, o arrepio de ler a resposta de todos é suficiente",0,0,1,0,0,0
ptbr_train_track_a_25441,"Até agora ela parece bastante decente, mas eu estou de olho nele. Sua conduta no restaurante era tão bizarra e assustadora.",0,0,1,0,0,0
ptbr_train_track_a_92223,É seriamente aterrorizante!,0,0,1,0,0,0
ptbr_train_track_a_214286,n sei pq n sei como; achei uma 3x4 da  na minha carteira,0,0,1,0,0,0
ptbr_train_track_a_142376,Porque eles temem por suas vidas...,0,0,1,0,0,0
ptbr_train_track_a_146838,"Lol! Muito engraçado. Os meus estão deprimidos, desistiram. :(",0,0,1,1,0,0
ptbr_train_track_a_38199,"Atenção, [NOME]! O Império está atacando a cidade! Tenho contas a acertar...",0,0,1,0,1,0
ptbr_train_track_a_214459,agr 6h me deu vontade de limpar casa mas  pq fazer barulho 2h da manhã td bem agr fazer barulho 6h da manhã aí já foi longe demais,0,0,1,0,0,0
ptbr_train_track_a_86353,"Sinto muito, mas posso sentir um ataque de pânico. Santo moly eu morreria instantaneamente se eu fosse ele",0,0,1,0,0,0
ptbr_train_track_a_58956,esta entressafra é sombria e cheia de terrores,0,0,1,0,0,0
ptbr_train_track_a_122951,Meus amigos que foram gravemente feridos desde a primeira luta. Leia meu comentário sobre a história.,0,0,1,0,1,0
ptbr_train_track_a_45449,"Ela provavelmente nunca mais será vista, eu temo. Obrigado por me lembrar do nome dela.",0,0,1,1,0,0
ptbr_train_track_a_76685,Acabei de comprar uma jaqueta inicial do Bears. 8º ano eu ficaria com inveja!!,0,0,1,0,0,0
ptbr_train_track_a_214357,gente sério essa semana o que eu mais escutei é que quando eu to usando lente e de cabelo cortado eu fico igual hétero,0,0,1,0,0,0
ptbr_train_track_a_216605,tratamento no boteco mais próximo de você!!!,0,0,1,0,0,0
ptbr_train_track_a_216674,to sentindo que minha vida vai ter uma reviravolta,0,0,1,0,0,0
ptbr_train_track_a_74330,Essa bandeja perdida de [NOME] está me assombrando agora.,0,0,1,0,0,0
ptbr_train_track_a_78973,Meu pior medo quando eu finalmente supero alguém Esses malditos e se,0,0,1,0,0,0
ptbr_train_track_a_214484,jesus; se for voltar; volta antes de outubro; amém.,0,0,1,0,0,0
ptbr_train_track_a_216507,mandei um link pra minha mãe sobre o assunto que ela mais odeia,0,0,1,0,0,0
ptbr_train_track_a_70796,"Correto. Eu ainda jogo NHL Faceoff 98 e sempre desligo essa regra, porque é terrível.",0,0,1,1,0,0
ptbr_train_track_a_13314,"VEM UMA GUERRA, NED. NÃO SEI QUANDO, NÃO SEI COM QUEM VAMOS LUTAR...MAS ESTÁ CHEGANDO!",0,0,1,0,0,0
ptbr_train_track_a_09020,Esperava um tornozelo terrivelmente quebrado. Você postou o realmente inesperado,1,0,1,0,1,1
ptbr_train_track_a_216520,eis que tu vê um meme de take on me e abre o spotify e era a música em execução,0,0,1,0,0,0
ptbr_train_track_a_07597,É o R difícil que vai te colocar em apuros.,0,0,1,0,0,0
ptbr_train_track_a_32614,"Oh Deus, [NOME] é terrível. Mas meu filho adora, e o Dr [NAME]",0,0,1,0,0,0
ptbr_train_track_a_40771,"sim, ele era - eu também me lembro dele batendo em Beltran quando ele era um Met. Jogo assustador",0,0,1,1,0,0
ptbr_train_track_a_20460,É mais arriscado assumir contratos ruins agora,0,0,1,0,0,0
ptbr_train_track_a_37148,"Ah, o terror! Devemos defender a honra de Lord [NAME] contra a escória da r/NFL!!",1,0,1,0,0,0
ptbr_train_track_a_214368,depoimento de um dia triste,0,0,1,0,0,0
ptbr_train_track_a_03881,E você pode alterar uma declaração de imposto. Ela não pode alterar uma escolha de vida terrível como essa.,0,0,1,0,0,0
ptbr_train_track_a_216489,é mais real que os desemcapetamentos que vejo na tv,0,0,1,0,0,0
ptbr_train_track_a_216551,meu pai disse que eu estava falando enquanto dormia..,0,0,1,0,0,0
ptbr_train_track_a_47325,meu nome é [NAME] e geralmente recebo muitas referências de [NAME]. eu sorrio quase todas as vezes,1,0,1,0,0,0
ptbr_train_track_a_18206,Um dos meus piores pesadelos. Eca.,1,0,1,0,0,0
ptbr_train_track_a_108619,Ainda meu pesadelo aos 34 anos....,0,0,1,0,0,0
ptbr_train_track_a_13728,Há algo legitimamente errado com você,1,1,1,1,1,0
ptbr_train_track_a_28180,Eu acho que eles estão deixando isso porque eles sabem que não podem excluí-lo.,0,0,0,0,0,1
ptbr_train_track_a_154744,Ehhh matar raias aka pontos raias em bfv .. Não impressionado. Esse jogo é booty water bf1 é muito mais divertido,1,0,0,0,1,1
ptbr_train_track_a_210647,É uma maravilha [NOME] não ter ganhado mais dinheiro com a quantidade que ele precisava beber,0,0,0,0,0,1
ptbr_train_track_a_83031,Ela estava preparada para jogar a arma?,0,0,0,0,0,1
ptbr_train_track_a_23565,Wow armas e ignorância. O que mais há de errado com ela?,1,0,0,0,0,1
ptbr_train_track_a_66773,Ele poderia ser assustado pela equipe de filmagem?,0,0,0,0,0,1
ptbr_train_track_a_69998,E é por isso que nos alegramos com sua proibição .... :),0,0,0,0,0,1
ptbr_train_track_a_30137,Então ele é meio decente. Fico feliz em ver que você finalmente está fazendo algum sentido.,0,0,0,0,0,1
ptbr_train_track_a_59054,Como foi sua consulta? Eu realmente adoraria ouvir como era. Estou começando a pensar na minha futura consulta também.,0,0,0,1,0,1
ptbr_train_track_a_02913,Qual é o motivo para fazer isso? Economizar combustível transportando o maior número possível de pessoas de uma só vez?,0,0,0,0,0,1
ptbr_train_track_a_15789,OH MEU DEUS. Acusar este oligarca.,1,0,0,0,0,1
ptbr_train_track_a_44029,"*Ei, acabei de notar..* é o seu **1st Cakeday** aerosvision! ^(abraço)",0,0,0,1,0,1
ptbr_train_track_a_12710,"Não, obrigado?",0,0,0,0,0,1
ptbr_train_track_a_12854,"Talvez a maldição de [NOME] não seja real, mas a maldição de [NOME] com certeza é. Nós não queremos nenhum [NOME] na capa!!",0,0,0,0,0,1
ptbr_train_track_a_97570,Quem está animado para a revelação de mortal kombat 11 na próxima semana?,0,0,0,0,0,1
ptbr_train_track_a_189109,"Uau, ele mostrou alguma espinha dorsal. Eu sempre fui bastante ambivalente em relação a ele, mas isso aumenta um pouco a minha opinião.",0,0,0,1,0,1
ptbr_train_track_a_47756,Você fez a verificação do quadro por si mesmo ou outra pessoa fez isso?,0,0,0,0,0,1
ptbr_train_track_a_98535,Como embora? rsrsrsr não entendi. Parece-me bastante racista.,0,0,0,0,0,1
ptbr_train_track_a_192747,"Merda cara, eu pensei que era o Sr. [NOME]? Aqui tem feijão lol",0,0,0,0,0,1
ptbr_train_track_a_11273,Feliz dia do bolo!!!,0,0,0,0,0,1
ptbr_train_track_a_35784,"Se você nunca esteve no DSA, ficará surpreso com a quantidade de pessoas incríveis e inteligentes que conhecerá.",0,0,0,1,0,1
ptbr_train_track_a_30543,Por que obrigado,0,0,0,0,0,1
ptbr_train_track_a_07261,"E quando o 4º trimestre mais precisava, ele sumiu!",0,0,0,0,0,1
ptbr_train_track_a_79143,"Mas se eu quiser o controle do objetivo, como faço no início do jogo, onde o respawn é rápido?",0,0,0,1,0,1
ptbr_train_track_a_34317,"Acabei de chegar lá e vi ""Chicken Pox"" Quando a imagem é sobre varíola",0,0,0,0,0,1
ptbr_train_track_a_37737,"Fiquei impressionado com sua empresa no post inicial, mas agora vejo que tentaram demiti-lo por seu erro. Que bom que você teve algum apoio!",0,0,0,1,0,1
ptbr_train_track_a_11849,"Espera-se que [NAME] volte após o intervalo. São 2 jogos, [NAME] vai acabar com eles",0,0,0,0,0,1
ptbr_train_track_a_13748,Eu postando legendas de videogame tem alguma relevância como?,0,0,0,0,0,1
ptbr_train_track_a_125479,Você está tão certo. Vou remover meus braços com pressa.,0,0,0,1,0,1
ptbr_train_track_a_04965,Estes foram um dos piores comentaristas que já fui forçado a ouvir. As piadas eram tão constrangedoras.,0,1,1,0,0,1
ptbr_train_track_a_17754,"Eu não acho que a criptomoeda esteja pronta para tal uso. Embora em países asiáticos como Cingapura ou Hong Kong seja bastante aceitável, eu acho.",0,0,0,0,0,1
ptbr_train_track_a_21922,"Se gostar do seu próprio país é um ponto de discussão da direita, então por que os esquerdistas simplesmente não deixam o país?",1,0,0,0,0,1
ptbr_train_track_a_40249,Eu me pergunto quantos não entenderam a piada,0,0,0,0,0,1
ptbr_train_track_a_51467,Uau. Isso é chocantemente chato.,1,1,0,0,0,1
ptbr_train_track_a_40571,Isso NUNCA funcionou? Por que [NAME] continuou fazendo aquela jogada repetidas vezes quando resultou na 4ª descida após a 4ª descida?,0,0,0,0,0,1
ptbr_train_track_a_07531,Isso me deu uma risada. xD,0,0,0,1,0,1
ptbr_train_track_a_18417,Ele foi rejeitado por causa de sua metodologia ou por causa do conteúdo de seus estudos?,0,0,0,0,0,1
ptbr_train_track_a_100246,A Procter & Gamble é a empresa-mãe. Tenha isso em mente ao escolher suas ações.,0,0,0,0,0,1
ptbr_train_track_a_58606,É assim que realmente funciona?,0,0,0,0,0,1
ptbr_train_track_a_60293,Maneira estranha de digitar AAAA-MM-DD,0,1,0,0,0,1
ptbr_train_track_a_63851,Esse é o nome oficial dela agora? [NOME],0,0,0,1,0,1
ptbr_train_track_a_80838,"Nah cara, desculpe se está sendo mal interpretado. Estou tentando dizer que tive uma ideia das ações dela. Deveria ter dito isso",0,0,0,0,0,1
ptbr_train_track_a_05716,Alguns dos meus melhores rolos foram com 50mg. Menos é mais!,0,0,0,1,0,1
ptbr_train_track_a_28318,"Sim, porque os jogos privados são uma coisa. Surpreso que ninguém mais mencionou isso.",0,0,0,0,0,1
ptbr_train_track_a_45659,Eu não posso dizer se este é um final feliz ou triste. 😐,0,0,0,0,0,1
ptbr_train_track_a_25962,E você acredita nisso?,0,0,0,0,0,1
ptbr_train_track_a_100783,Uma razão para jogar o jogo a cada 3 meses?,0,0,0,0,0,1
ptbr_train_track_a_39386,Oh meu deus! Um pai atencioso realmente ensinando seus filhos a manusear armas com segurança! O horror!,0,0,0,0,1,1
ptbr_train_track_a_82156,fã de homens loucos? legais. infelizmente não tenho ideia de onde conseguir isso.,0,0,0,0,0,1
ptbr_train_track_a_103379,Crédito onde o crédito é devido.,0,0,0,0,0,1
ptbr_train_track_a_41838,"Bem, para ser justo com essa pessoa, mesmo que ela pareça um idiota, isso não significa que nenhum [NOME] exista ou não.",0,0,0,0,0,1
ptbr_train_track_a_126947,"Afro samurai lol, isso é bem interessante, nunca foi novidade que eles realmente existiram. Eu sou mulher, então isso não funcionaria para mim",1,0,0,1,0,1
ptbr_train_track_a_51526,"Ah [NOME]. Mas estou meio confuso sobre como a foto foi tirada, desculpe se você disse isso, mas eu sou um pouco estúpido e cansado",0,0,0,0,0,1
ptbr_train_track_a_102719,r/outoftheloop aqui; você poderia explicar por que isso é bom? Estou assumindo que ele é um merda.,0,0,0,0,0,1
ptbr_train_track_a_26157,"AYY! Anti-semitismo! Não esperava isso da AnCaps, mas não estou surpreso.",0,0,0,0,0,1
ptbr_train_track_a_41216,Este foi potencialmente o golpe mais perigoso que eu já vi alguém fazer. Um pequeno erro e você morre.,0,0,0,0,0,1
ptbr_train_track_a_44687,"[NOME] deveria estar colocando isso no outro lado do goleiro, decisão estranha de ir para aquele canto",0,0,0,0,0,1
ptbr_train_track_a_08729,Você pode me adotar? estou atrás desses ossos,0,0,0,0,0,1
ptbr_train_track_a_31053,"As fotos de bebê, puta merda, há tantas fotos de bebê agora.",0,0,0,0,0,1
ptbr_train_track_a_131501,Omg eu poderia chorar com isso,0,0,0,0,0,1
ptbr_train_track_a_57595,"Algo algo não lute contra o que você odeia, salve o que você ama.",0,0,0,1,0,1
ptbr_train_track_a_13499,"O que é bonito neste planeta? A natureza é fria, dura e cheia de sofrimento e dor. Não há nada de bonito nisso.",1,0,0,0,0,1
ptbr_train_track_a_25989,Acabou de acontecer comigo kkk,0,0,0,0,0,1
ptbr_train_track_a_14452,"Ok, agora eu estou querendo saber o que você está fazendo",0,0,0,0,0,1
ptbr_train_track_a_03835,"Você sabe a primeira coisa que eles vão perguntar ""então, você está com fome?""",0,0,0,1,0,1
ptbr_train_track_a_137186,"Você realmente viu as fotos de seus arranhões? Não há nada em seu estômago, eles estão de lado e de volta.",0,0,0,0,0,1
ptbr_train_track_a_23258,Espere.... Por que estamos usando o OKCupid? Não foi basicamente comprovado que mais de 50% de sua base de usuários é falsa.,0,0,0,0,0,1
ptbr_train_track_a_53057,Oh meu Deus! Assinei os dois! Muito obrigado pela recomendação.,0,0,0,0,0,1
ptbr_train_track_a_02702,"Oh, mal posso esperar até que eles tenham os direitos exclusivos do nosso jogo.",0,0,0,0,0,1
ptbr_train_track_a_20815,Assim como um assistente? Interessante,0,0,0,1,0,1
ptbr_train_track_a_69634,Haha! Eu estava certo :D.,0,0,0,1,0,1
ptbr_train_track_a_57979,"> Você precisa que eu link posts ou algo assim? Sim. Boa conta de evasão de banimento, a propósito.",0,0,0,1,0,1
ptbr_train_track_a_177230,Por que você faria algo tão controverso e ao mesmo tempo tão corajoso?,0,0,0,0,0,1
ptbr_train_track_a_56213,"Sempre sou lembrado por meus parentes no meu aniversário me perguntando se eu já tenho namorada. Desculpe mano, eu ainda estou fora da norma social.",0,0,0,0,0,1
ptbr_train_track_a_38767,"Isso ainda é uma loucura para mim, pois é o mesmo preço online e na loja aqui. Temos apenas uma taxa fixa.",0,0,0,0,0,1
ptbr_train_track_a_80443,"Eu fiz e achei basicamente o mesmo, exceto que eu estava ficando bêbado com muita facilidade.",0,0,0,1,0,1
ptbr_train_track_a_123691,Os suspeitos de sempre vão acreditar que ela é uma vítima e fingir que não há razão para ela mentir.,0,0,0,0,0,1
ptbr_train_track_a_73088,Lembro muito dessa cena!!!!!,0,0,0,0,0,1
ptbr_train_track_a_157766,Difícil de acreditar que marcamos 8 pontos nos primeiros 6 minutos.,0,0,0,0,0,1
ptbr_train_track_a_84801,"E a supremacia branca? BLM chamou [NOME] de terrorista de supremacia branca, esse rótulo é prejudicial e na mesma linha de um neonazista.",0,0,0,0,1,1
ptbr_train_track_a_108479,Imagino se as bolas estão vazias... isso funcionou bem contra os potros da última vez.,0,0,0,0,0,1
ptbr_train_track_a_09307,"É você, [NOME]?",0,0,0,0,0,1
ptbr_train_track_a_75313,Obrigada! Contém ensaios clínicos?,0,0,0,1,0,1
ptbr_train_track_a_34860,[NOME] parece um cara que tem vários travesseiros de corpo e figuras de anime.,0,0,0,0,0,1
ptbr_train_track_a_47393,"Sim, mas se você tivesse rolado para baixo até uma polegada, você teria visto fotos de seu irmão real",0,0,0,0,0,1
ptbr_train_track_a_61123,"Não vejo como pode chegar a -1,20?",0,0,0,0,0,1
ptbr_train_track_a_163462,Sim cara! Por que sempre acaba mais rápido que o shampoo do mesmo frasco?!,0,0,0,0,0,1
ptbr_train_track_a_180471,"Acredite ou não, mas eu vi que ele é um instrutor de faculdade agora",0,0,0,0,0,1
ptbr_train_track_a_21608,Parece-me que seu reitor tem alguma bagagem e você não deve deixar isso pesar sobre você.,0,0,0,1,0,1
ptbr_train_track_a_75613,"Nãooooo. Eu seriamente não sabia disso. Sim, mente explodida.",0,0,0,0,0,1
ptbr_train_track_a_78184,não tenho certeza se você entendeu para que serve este sub,0,0,0,0,0,1
ptbr_train_track_a_26603,"não, são apenas pessoas mais velhas que não entendem como os adolescentes realmente se comunicam",0,0,0,0,0,1
ptbr_train_track_a_09978,"O que ""mesma coisa""? Você não está abordando nenhum dos meus argumentos reais e mal o faz há algum tempo.",1,0,0,0,0,1
ptbr_train_track_a_04750,"Sim, eu me tornei extremamente cínico desde que comecei a fazer esse tipo de percepção.",0,0,0,1,0,1
ptbr_train_track_a_83979,Ele teria mais influência após a eleição?,0,0,0,0,0,1
ptbr_train_track_a_40168,"uau, não há como [NAME] ter marcado isso",0,0,0,1,0,1
ptbr_train_track_a_182246,A liberação dele não afeta em nada esse número?,0,0,0,0,0,1
ptbr_train_track_a_37276,"""Oh, quando você era uma criança você queria estar perto de mim O TEMPO TODO! Sua esposa malvada deve ser o motivo de você ter mudado!""",1,0,0,0,0,1
ptbr_train_track_a_172324,"Essa resposta é altamente inesperada, mas lógica. Estou me preparando para mastigá-lo por um feitiço.",0,0,0,0,0,1
ptbr_train_track_a_32210,"Sim, eu estava tipo ""o que, as revistas pornográficas são assustadoras agora?"" e então clicou",0,0,0,0,0,1
ptbr_train_track_a_87255,"Porra, eu usei totalmente o Dragon como meu identificador em certos aplicativos de namoro antes. Não tenho certeza de como me sinto sobre isso agora lol",0,0,0,1,0,1
ptbr_train_track_a_07572,"Isso e esperar que os cultistas do lado de Trump possam dar a eles tempo suficiente para sair antes que tudo acabe em chamas, seu país é.",0,0,0,0,0,1
ptbr_train_track_a_47686,"Ou fale assim. Ninguém descreve um supercomputador como a mente como ""intuitivo"". Não faz mesmo sentido",0,0,0,0,0,1
ptbr_train_track_a_89304,Não tenho certeza se voto negativo porque é ruim ou voto positivo porque esse é o ponto,0,0,0,0,0,1
ptbr_train_track_a_135196,"Lol, por que alguém iria voluntariamente torcer a curva contra eles, seu idiota.",1,0,0,1,0,1
ptbr_train_track_a_93725,É isso que é isso? Achei que fosse algum tipo de arma de tatuagem.,0,0,0,0,0,1
ptbr_train_track_a_04545,É como se tudo derretesse no momento em que você percebe que não é verdade.,0,0,0,0,0,1
ptbr_train_track_a_28914,"Eu gosto dessas culturas e ficaria feliz em lhe dizer que tipo de qualificação profissional/licença/certificação você adquiriu, se houver?",0,0,0,1,0,1
ptbr_train_track_a_05209,[NAME] estava perto de 293 hoopin? Estou morrendo.,0,0,0,0,0,1
ptbr_train_track_a_08953,omg tão peculiar,0,0,0,0,0,1
ptbr_train_track_a_64702,"uma coisa, e eu tive minha parte de Whistle Pig Pie. eu me odeio",0,0,0,0,1,1
ptbr_train_track_a_71547,"Obrigado, isso é interessante!",0,0,0,1,0,1
ptbr_train_track_a_83353,Um movimento ocidental marginal está tomando conta do Canadá?,0,0,0,0,0,1
ptbr_train_track_a_108131,Eu sei! Eu absolutamente faria isso também. Eu adoraria ir a uma AMA com ele para saber mais.,0,0,0,1,0,1
ptbr_train_track_a_76431,"Definitivamente amargo, lol.",0,0,0,1,0,1
ptbr_train_track_a_88930,"Sim, google eu def quero !!",0,0,0,0,0,1
ptbr_train_track_a_05216,A percepção é bastante sombria. Não posso dizer que estou muito feliz.,0,0,0,1,0,1
ptbr_train_track_a_17862,"Espere, eles se casaram no centro de detenção? Por que ela está saindo com um buquê?",0,0,0,0,0,1
ptbr_train_track_a_56433,"E por que não está na média, o Bayern é o segundo mais mediano, mas classificado em 4º para o mais apoiado, agora eles tiveram menos jogos ....",0,0,0,0,0,1
ptbr_train_track_a_105435,"Chamá-lo de criminoso não é uma opinião. Isso é como dizer ""o metro e oitenta de altura [NOME]"". Ou é verdade ou não.",0,0,0,0,0,1
ptbr_train_track_a_02528,"Bem sendo dito desde tenra idade que nós, caras gordinhos, não temos permissão para ficar com a garota nunca. É por isso que estou perguntando.",0,0,0,0,0,1
ptbr_train_track_a_42826,"Obrigado mods para o pegajoso. Esta é uma história tão importante. Para minha surpresa, o NY Times publicou um breve artigo sobre isso.",0,0,0,1,0,1
ptbr_train_track_a_64965,"É escola normal, exceto que eles se identificam sexualmente como [RELIGIÃO]",0,0,0,1,0,1
ptbr_train_track_a_04090,Estou chocado que seu colega de quarto tenha destruído as sobras perfeitamente boas dessa maneira,0,0,0,0,0,1
ptbr_train_track_a_31229,"Eu não faço ideia. Sempre imaginei que eram puramente trabalhadores do varejo que navegavam e postavam aqui, mas posso estar errado neste caso.",0,0,0,0,0,1
ptbr_train_track_a_119941,onde mais alguém compraria os ingredientes? Como são suas dezenas de fornecedores de sorvete?,0,0,0,0,0,1
ptbr_train_track_a_64051,Curioso para saber por que ele foi rejeitado tantas vezes agora.,0,0,0,0,0,1
ptbr_train_track_a_18035,"Ou tome FETO, a maioria dos expurgados provavelmente nunca fez uma única coisa errada em sua vida. O quê?",0,0,0,0,0,1
ptbr_train_track_a_103580,1 cupom para um biscoito de frango com manteiga de mel e cheeseburger duplo refeição Whataburger chegando.,0,0,0,0,0,1
ptbr_train_track_a_26720,Idk para se divertir?,0,0,0,0,0,1
ptbr_train_track_a_103809,Richmond & Weslayan. Mas não verifiquei este ano. Vou olhar este fim de semana... obrigado pelo lembrete!,0,0,0,0,0,1
ptbr_train_track_a_22569,Suspeito que haja uma diferença entre as pessoas que se interessam por maquiagem e as que não se interessam por isso.,0,0,0,0,0,1
ptbr_train_track_a_51948,Niemi trancado em puta merda.,0,0,0,0,0,1
ptbr_train_track_a_30936,Sinto muito pelo que aconteceu com você. Você está se sentindo bem agora? Obrigado pela preocupação. ❤️❤️❤️,0,0,0,1,0,1
ptbr_train_track_a_20481,Eles vêm à sua casa e assaltam você com uma arma. Seja honesto. Quais são algumas maneiras de resolver isso?,0,0,1,0,0,1
ptbr_train_track_a_115744,Esse é um novo nível de loira que eu nem sabia que existia!,0,0,0,0,0,1
ptbr_train_track_a_14180,Oh meu Deus. QUE?,0,0,0,0,0,1
ptbr_train_track_a_26254,"Se as crianças estão em atividades esportivas, você pode conversar com os outros pais.",0,0,0,0,0,1
ptbr_train_track_a_72448,"Fico feliz em ver [NAME] ganhando um ponto, ele está atrasado. Agora para o 3º período [NOME]?",0,0,0,0,0,1
ptbr_train_track_a_90340,"Se você é um jogador solo, então eu entendo...",0,0,0,0,0,1
ptbr_train_track_a_213151,"Ok, eu entendo, como eu disse, moral diferente para pessoas diferentes. Eu só estava curioso como você tirou os problemas de gênero disso",0,0,0,0,0,1
ptbr_train_track_a_22310,"Estou curioso, por que você acha isso?",0,0,0,0,0,1
ptbr_train_track_a_31887,Está cheio de quê?!,0,0,0,0,0,1
ptbr_train_track_a_10871,A cegueira por viagem de poder é assustadora; como alguém não consegue ver as consequências óbvias de agir assim com seus funcionários?,0,0,0,0,0,1
ptbr_train_track_a_50042,"Mas essa situação não é realmente o que você está falando, é?",0,0,0,0,0,1
ptbr_train_track_a_213038,Acabei de assistir o vídeo e acho que não era a irmã dele.,0,0,0,0,0,1
ptbr_train_track_a_69285,Apenas curioso: O que você normalmente faz com seus fins de semana?,0,0,0,0,0,1
ptbr_train_track_a_52633,Eu não acho que isso está muito longe. Existem 200 mil casas na maioria dos subúrbios.,0,0,0,0,0,1
ptbr_train_track_a_30525,Não fique muito tempo ou você pode ir Nakamoto :P,0,0,0,0,0,1
ptbr_train_track_a_130005,"Uau! Se eles seguissem essa lógica, eles teriam que perguntar por que diabos nos deram médicos! Insanidade.",0,0,0,0,0,1
ptbr_train_track_a_40977,"Porque o socialismo real está bajulando capitalistas ricos, e quanto mais você bajula, mais socialista ele é?",0,0,0,0,0,1
ptbr_train_track_a_10715,Parece mais que isso foi tirado no inverno. Se isso fosse ontem o sol se poria mais ao norte sobre o mar??,0,0,0,0,0,1
ptbr_train_track_a_28210,"A fruta tem o nome da cor, ou a cor tem o nome da fruta?",0,0,0,0,0,1
ptbr_train_track_a_06349,eu recebi a resposta automática um dia atrás,0,0,0,0,0,1
ptbr_train_track_a_15251,WYA? Eu vou passar.,0,0,0,0,0,1
ptbr_train_track_a_03334,eu nem sei o que é isso mano,0,0,0,0,0,1
ptbr_train_track_a_36155,"> Sim, eu realmente acredito em almas gêmeas. vamos ter que concordar em discordar",0,0,0,0,0,1
ptbr_train_track_a_58095,"Sim, eu me lembro quando proibiram banheiros, coisa doida.",1,0,0,0,0,1
ptbr_train_track_a_26369,"O Muro exige tomar terra sob a mira de uma arma, explique como isso não é tirania",0,0,0,0,0,1
ptbr_train_track_a_33030,"É verdade, mas a maioria do plástico usado é para os itens de mercearia nas prateleiras. Macarrão, arroz, café estão em todos os lares e são todos embalados em plástico",0,0,0,0,0,1
ptbr_train_track_a_155461,"Parece que pode ser algum tipo de gato munchkin, pois tem pernas curtas",0,0,0,0,0,1
ptbr_train_track_a_78524,[NOME] foi uma agradável surpresa. Pode ser algo que você vai gostar.,0,0,0,1,0,1
ptbr_train_track_a_45818,O que era ainda mais possível há 2 anos. É mais difícil agora do que era com uma maioria republicana maior.,0,0,0,0,0,1
ptbr_train_track_a_21335,"Ela é fabulosa, mas o reflexo daquele cara na janela me deixou curioso",0,0,0,0,0,1
ptbr_train_track_a_120486,Este post é outra razão pela qual eu nunca vou voltar para Heroes. A loot box RNG foi tão cruel comigo,0,0,0,0,0,1
ptbr_train_track_a_17881,Voce fuma? Cheiro forte? Tem botas sujas?,0,0,0,0,0,1
ptbr_train_track_a_24888,"Eu assisti o primeiro loop antes de registrar o que ela estava fazendo, então meu cérebro travou e eu fiz um barulho como smeagol sendo estrangulado.",0,0,0,0,0,1
ptbr_train_track_a_126250,Oh [NOME] imaginar essa adolescente gritando yaaaass rainha para uma pobre drag queen me fez encolher em uma bola,0,0,0,0,0,1
ptbr_train_track_a_44400,Observe como nenhum deles tem filhos,0,0,0,0,0,1
